"Partido","Numero Lista","Nombre Lista","Distrito","Cargo","Nombre","Posicion"
"DEL CAMPO POPULAR","180","A - NUEVA DEMOCRACIA","SANTA FE","DIPUTADO NACIONAL TITULAR","MANSILLA, OSCAR DANIEL","1"
"DEL CAMPO POPULAR","180","A - NUEVA DEMOCRACIA","SANTA FE","DIPUTADO NACIONAL TITULAR","BORGOGNO, ANA MARIA","2"
"DEL CAMPO POPULAR","180","A - NUEVA DEMOCRACIA","SANTA FE","DIPUTADO NACIONAL TITULAR","CABAÑA, ORLANDO AGUSTIN","3"
"DEL CAMPO POPULAR","180","A - NUEVA DEMOCRACIA","SANTA FE","DIPUTADO NACIONAL TITULAR","BELLINI, JOSE LUIS","4"
"DEL CAMPO POPULAR","180","A - NUEVA DEMOCRACIA","SANTA FE","DIPUTADO NACIONAL TITULAR","VALIENTE, ALICIA MARIA","5"
"DEL CAMPO POPULAR","180","A - NUEVA DEMOCRACIA","SANTA FE","DIPUTADO NACIONAL TITULAR","BANCHO, NESTOR JOSE","6"
"DEL CAMPO POPULAR","180","A - NUEVA DEMOCRACIA","SANTA FE","DIPUTADO NACIONAL TITULAR","SOTO, MIGUEL IGNACIO","7"
"DEL CAMPO POPULAR","180","A - NUEVA DEMOCRACIA","SANTA FE","DIPUTADO NACIONAL TITULAR","PACE, PATRICIA ELISABET","8"
"DEL CAMPO POPULAR","180","A - NUEVA DEMOCRACIA","SANTA FE","DIPUTADO NACIONAL TITULAR","MANSILLA, DANIEL DARIO","9"
"DEL CAMPO POPULAR","180","A - NUEVA DEMOCRACIA","SANTA FE","DIPUTADO NACIONAL TITULAR","BONAZZOLA, EMA MARIA","10"
"DEL CAMPO POPULAR","180","A - NUEVA DEMOCRACIA","SANTA FE","DIPUTADO NACIONAL SUPLENTE","AMADEI, SERGIO MIGUEL","1"
"DEL CAMPO POPULAR","180","A - NUEVA DEMOCRACIA","SANTA FE","DIPUTADO NACIONAL SUPLENTE","BANCHO, VERONICA ANDREA","2"
"DEL CAMPO POPULAR","180","A - NUEVA DEMOCRACIA","SANTA FE","DIPUTADO NACIONAL SUPLENTE","NAGEL, CINTIA YAMILA","3"
"DEL CAMPO POPULAR","180","A - NUEVA DEMOCRACIA","SANTA FE","DIPUTADO NACIONAL SUPLENTE","SOTO, MARICEL SOLEDAD","4"
"DEL CAMPO POPULAR","180","A - NUEVA DEMOCRACIA","SANTA FE","DIPUTADO NACIONAL SUPLENTE","MARINUZZI, PAMELA ROCIO","5"
"DEL CAMPO POPULAR","180","A - NUEVA DEMOCRACIA","SANTA FE","DIPUTADO NACIONAL SUPLENTE","CORREA, EDUARDO","6"
"DEL CAMPO POPULAR","180","A - NUEVA DEMOCRACIA","SANTA FE","PARLAMENTARIO MERCOSUR DISTRITO REGIONAL TITULAR","MARTINEZ, NORMA BEATRIZ","1"
"DEL CAMPO POPULAR","180","A - NUEVA DEMOCRACIA","SANTA FE","PARLAMENTARIO MERCOSUR DISTRITO REGIONAL SUPLENTE","GIMENEZ, ANGEL ANTONIO","1"
"DEL CAMPO POPULAR","180","A - NUEVA DEMOCRACIA","SANTA FE","PARLAMENTARIO MERCOSUR DISTRITO REGIONAL SUPLENTE","BECERRO, JOSE ALBERTO","2"
"DEL CAMPO POPULAR","180","A - NUEVA DEMOCRACIA","SANTA FE","SENADOR NACIONAL TITULAR","ARELLANO, RAUL","1"
"DEL CAMPO POPULAR","180","A - NUEVA DEMOCRACIA","SANTA FE","SENADOR NACIONAL TITULAR","CARIAGA, MARTA ELIZABETH","2"
"DEL CAMPO POPULAR","180","A - NUEVA DEMOCRACIA","SANTA FE","SENADOR NACIONAL SUPLENTE","PACE, JORGE ALBERTO","1"
"DEL CAMPO POPULAR","180","A - NUEVA DEMOCRACIA","SANTA FE","SENADOR NACIONAL SUPLENTE","VERGARA, LORENA VERONICA","2"
"UNITE POR LA LIBERTAD Y LA DIGNIDAD","188","A - GENTE EN ACCION","SANTA FE","DIPUTADO NACIONAL TITULAR","FORNERO, CARLOS DANIEL","1"
"UNITE POR LA LIBERTAD Y LA DIGNIDAD","188","A - GENTE EN ACCION","SANTA FE","DIPUTADO NACIONAL TITULAR","SARDINA MAINETTI, CINTIA ADRIANA","2"
"UNITE POR LA LIBERTAD Y LA DIGNIDAD","188","A - GENTE EN ACCION","SANTA FE","DIPUTADO NACIONAL TITULAR","KILLER, MARIO ESTANISLAO","3"
"UNITE POR LA LIBERTAD Y LA DIGNIDAD","188","A - GENTE EN ACCION","SANTA FE","DIPUTADO NACIONAL TITULAR","BERRE, SANDRA GRACIELA","4"
"UNITE POR LA LIBERTAD Y LA DIGNIDAD","188","A - GENTE EN ACCION","SANTA FE","DIPUTADO NACIONAL TITULAR","ALANIS, CLAUDIO ALCIDES","5"
"UNITE POR LA LIBERTAD Y LA DIGNIDAD","188","A - GENTE EN ACCION","SANTA FE","DIPUTADO NACIONAL TITULAR","CABRERA, ANTONIO RAFAEL","6"
"UNITE POR LA LIBERTAD Y LA DIGNIDAD","188","A - GENTE EN ACCION","SANTA FE","DIPUTADO NACIONAL TITULAR","RODRIGUEZ, NATALIA CAROLINA","7"
"UNITE POR LA LIBERTAD Y LA DIGNIDAD","188","A - GENTE EN ACCION","SANTA FE","DIPUTADO NACIONAL TITULAR","PECORAR, SEBASTIAN FEDERICO","8"
"UNITE POR LA LIBERTAD Y LA DIGNIDAD","188","A - GENTE EN ACCION","SANTA FE","DIPUTADO NACIONAL TITULAR","LEVATO, LEONARDO DAMIAN","9"
"UNITE POR LA LIBERTAD Y LA DIGNIDAD","188","A - GENTE EN ACCION","SANTA FE","DIPUTADO NACIONAL TITULAR","SANCHEZ, CAROLINA ELISA","10"
"UNITE POR LA LIBERTAD Y LA DIGNIDAD","188","A - GENTE EN ACCION","SANTA FE","DIPUTADO NACIONAL SUPLENTE","SILVA, DAMIAN RODRIGO","1"
"UNITE POR LA LIBERTAD Y LA DIGNIDAD","188","A - GENTE EN ACCION","SANTA FE","DIPUTADO NACIONAL SUPLENTE","COMBA, GRACIELA NOEMI","2"
"UNITE POR LA LIBERTAD Y LA DIGNIDAD","188","A - GENTE EN ACCION","SANTA FE","DIPUTADO NACIONAL SUPLENTE","GONZALEZ, ADOLFO GUMERSINDO","3"
"UNITE POR LA LIBERTAD Y LA DIGNIDAD","188","A - GENTE EN ACCION","SANTA FE","DIPUTADO NACIONAL SUPLENTE","MUÑOZ, PEDRO ALEJANDRO","4"
"UNITE POR LA LIBERTAD Y LA DIGNIDAD","188","A - GENTE EN ACCION","SANTA FE","DIPUTADO NACIONAL SUPLENTE","CORTESE, RAUL CLAUDIO","5"
"UNITE POR LA LIBERTAD Y LA DIGNIDAD","188","A - GENTE EN ACCION","SANTA FE","DIPUTADO NACIONAL SUPLENTE","LIZZI, MARIA CRISTINA","6"
"UNITE POR LA LIBERTAD Y LA DIGNIDAD","188","A - GENTE EN ACCION","SANTA FE","PARLAMENTARIO MERCOSUR DISTRITO REGIONAL TITULAR","LOBOS, LUIS ALBERTO JESUS","1"
"UNITE POR LA LIBERTAD Y LA DIGNIDAD","188","A - GENTE EN ACCION","SANTA FE","PARLAMENTARIO MERCOSUR DISTRITO REGIONAL SUPLENTE","BONACCI, JOSE ALEJANDRO","1"
"UNITE POR LA LIBERTAD Y LA DIGNIDAD","188","A - GENTE EN ACCION","SANTA FE","PARLAMENTARIO MERCOSUR DISTRITO REGIONAL SUPLENTE","FERRARO, VANINA ELIANA","1"
"UNITE POR LA LIBERTAD Y LA DIGNIDAD","188","A - GENTE EN ACCION","SANTA FE","SENADOR NACIONAL TITULAR","RODRIGUEZ, CRISTIAN ALEJANDRO","1"
"UNITE POR LA LIBERTAD Y LA DIGNIDAD","188","A - GENTE EN ACCION","SANTA FE","SENADOR NACIONAL TITULAR","MAINETTI, MARIA HEBE","2"
"UNITE POR LA LIBERTAD Y LA DIGNIDAD","188","A - GENTE EN ACCION","SANTA FE","SENADOR NACIONAL SUPLENTE","BONACCI, JORGE ANTONIO","1"
"UNITE POR LA LIBERTAD Y LA DIGNIDAD","188","A - GENTE EN ACCION","SANTA FE","SENADOR NACIONAL SUPLENTE","ROMERO, PAULA ANDREA","2"
"ALIANZA CAMBIEMOS","501","1A - EL CAMINO DEL CAMBIO","SANTA FE","DIPUTADO NACIONAL TITULAR","MARTINEZ, ANA LAURA","1"
"ALIANZA CAMBIEMOS","501","1A - EL CAMINO DEL CAMBIO","SANTA FE","DIPUTADO NACIONAL TITULAR","INCICCO, LUCAS CIRIACO","2"
"ALIANZA CAMBIEMOS","501","1A - EL CAMINO DEL CAMBIO","SANTA FE","DIPUTADO NACIONAL TITULAR","NUÑEZ, JOSE CARLOS","3"
"ALIANZA CAMBIEMOS","501","1A - EL CAMINO DEL CAMBIO","SANTA FE","DIPUTADO NACIONAL TITULAR","HUMMEL, ASTRID CAROLINA ANDREA","4"
"ALIANZA CAMBIEMOS","501","1A - EL CAMINO DEL CAMBIO","SANTA FE","DIPUTADO NACIONAL TITULAR","ORELL, FRANCISCO JAVIER","5"
"ALIANZA CAMBIEMOS","501","1A - EL CAMINO DEL CAMBIO","SANTA FE","DIPUTADO NACIONAL TITULAR","ARZAMENDIA, LUCAS DEMIAN","6"
"ALIANZA CAMBIEMOS","501","1A - EL CAMINO DEL CAMBIO","SANTA FE","DIPUTADO NACIONAL TITULAR","MITRE, PAULA CAROLINA","7"
"ALIANZA CAMBIEMOS","501","1A - EL CAMINO DEL CAMBIO","SANTA FE","DIPUTADO NACIONAL TITULAR","PANCRAZIO, ERNESTO FEDERICO","8"
"ALIANZA CAMBIEMOS","501","1A - EL CAMINO DEL CAMBIO","SANTA FE","DIPUTADO NACIONAL TITULAR","JEANNOT, DARIO","9"
"ALIANZA CAMBIEMOS","501","1A - EL CAMINO DEL CAMBIO","SANTA FE","DIPUTADO NACIONAL TITULAR","ESSER, ELISA ERICA","10"
"ALIANZA CAMBIEMOS","501","1A - EL CAMINO DEL CAMBIO","SANTA FE","DIPUTADO NACIONAL SUPLENTE","MASTROPAOLO, SEBASTIAN","1"
"ALIANZA CAMBIEMOS","501","1A - EL CAMINO DEL CAMBIO","SANTA FE","DIPUTADO NACIONAL SUPLENTE","MIGNACO, MARIA ALEJANDRA","2"
"ALIANZA CAMBIEMOS","501","1A - EL CAMINO DEL CAMBIO","SANTA FE","DIPUTADO NACIONAL SUPLENTE","ZUCHIATTI RIESTRA, NESTOR LUIS","3"
"ALIANZA CAMBIEMOS","501","1A - EL CAMINO DEL CAMBIO","SANTA FE","DIPUTADO NACIONAL SUPLENTE","MINNITI, SERGIO DANIEL","4"
"ALIANZA CAMBIEMOS","501","1A - EL CAMINO DEL CAMBIO","SANTA FE","DIPUTADO NACIONAL SUPLENTE","BUYATTI, CLAUDIA MONICA","5"
"ALIANZA CAMBIEMOS","501","1A - EL CAMINO DEL CAMBIO","SANTA FE","DIPUTADO NACIONAL SUPLENTE","NOCETTI, HERNAN","6"
"ALIANZA CAMBIEMOS","501","1A - EL CAMINO DEL CAMBIO","SANTA FE","PARLAMENTARIO MERCOSUR DISTRITO REGIONAL TITULAR","MANSILLA, GONZALO JAVIER","1"
"ALIANZA CAMBIEMOS","501","1A - EL CAMINO DEL CAMBIO","SANTA FE","PARLAMENTARIO MERCOSUR DISTRITO REGIONAL SUPLENTE","GONZALEZ, MARIA EUGENIA","1"
"ALIANZA CAMBIEMOS","501","1A - EL CAMINO DEL CAMBIO","SANTA FE","PARLAMENTARIO MERCOSUR DISTRITO REGIONAL SUPLENTE","MARTIN, JEREMIAS","2"
"ALIANZA CAMBIEMOS","501","1A - EL CAMINO DEL CAMBIO","SANTA FE","SENADOR NACIONAL TITULAR","REUTEMANN, CARLOS ALBERTO","1"
"ALIANZA CAMBIEMOS","501","1A - EL CAMINO DEL CAMBIO","SANTA FE","SENADOR NACIONAL TITULAR","VUCASOVICH, MARIA ALEJANDRA","2"
"ALIANZA CAMBIEMOS","501","1A - EL CAMINO DEL CAMBIO","SANTA FE","SENADOR NACIONAL SUPLENTE","SPINOZZI, RICARDO ADRIAN","1"
"ALIANZA CAMBIEMOS","501","1A - EL CAMINO DEL CAMBIO","SANTA FE","SENADOR NACIONAL SUPLENTE","SOLA, MARIA XIMENA","2"
"ALIANZA FRENTE DE IZQUIERDA Y DE LOS TRABAJADORES","502","1A - RENOVAR Y FORTALECER EL FRENTE","SANTA FE","DIPUTADO NACIONAL TITULAR","CRIVARO, OCTAVIO","1"
"ALIANZA FRENTE DE IZQUIERDA Y DE LOS TRABAJADORES","502","1A - RENOVAR Y FORTALECER EL FRENTE","SANTA FE","DIPUTADO NACIONAL TITULAR","TESSIO, JULIA","2"
"ALIANZA FRENTE DE IZQUIERDA Y DE LOS TRABAJADORES","502","1A - RENOVAR Y FORTALECER EL FRENTE","SANTA FE","DIPUTADO NACIONAL TITULAR","CERANA, GUILLERMO JULIO CESAR","3"
"ALIANZA FRENTE DE IZQUIERDA Y DE LOS TRABAJADORES","502","1A - RENOVAR Y FORTALECER EL FRENTE","SANTA FE","DIPUTADO NACIONAL TITULAR","RIVERA, MAGALI","4"
"ALIANZA FRENTE DE IZQUIERDA Y DE LOS TRABAJADORES","502","1A - RENOVAR Y FORTALECER EL FRENTE","SANTA FE","DIPUTADO NACIONAL TITULAR","MOLINA, LUCIANO JOSE","5"
"ALIANZA FRENTE DE IZQUIERDA Y DE LOS TRABAJADORES","502","1A - RENOVAR Y FORTALECER EL FRENTE","SANTA FE","DIPUTADO NACIONAL TITULAR","GONZALEZ, PABLO JOSE MARIA","6"
"ALIANZA FRENTE DE IZQUIERDA Y DE LOS TRABAJADORES","502","1A - RENOVAR Y FORTALECER EL FRENTE","SANTA FE","DIPUTADO NACIONAL TITULAR","ARAGONA, AIDA IRENE","7"
"ALIANZA FRENTE DE IZQUIERDA Y DE LOS TRABAJADORES","502","1A - RENOVAR Y FORTALECER EL FRENTE","SANTA FE","DIPUTADO NACIONAL TITULAR","NARDONI, PABLO DAMIAN","8"
"ALIANZA FRENTE DE IZQUIERDA Y DE LOS TRABAJADORES","502","1A - RENOVAR Y FORTALECER EL FRENTE","SANTA FE","DIPUTADO NACIONAL TITULAR","MATUTE, AGUSTIN IMANOL","9"
"ALIANZA FRENTE DE IZQUIERDA Y DE LOS TRABAJADORES","502","1A - RENOVAR Y FORTALECER EL FRENTE","SANTA FE","DIPUTADO NACIONAL TITULAR","ENCINA, CINTIA","10"
"ALIANZA FRENTE DE IZQUIERDA Y DE LOS TRABAJADORES","502","1A - RENOVAR Y FORTALECER EL FRENTE","SANTA FE","DIPUTADO NACIONAL SUPLENTE","GIECO, AGOSTINA LORELEY","1"
"ALIANZA FRENTE DE IZQUIERDA Y DE LOS TRABAJADORES","502","1A - RENOVAR Y FORTALECER EL FRENTE","SANTA FE","DIPUTADO NACIONAL SUPLENTE","D´ANNUNZIO, JUAN IGNACIO","2"
"ALIANZA FRENTE DE IZQUIERDA Y DE LOS TRABAJADORES","502","1A - RENOVAR Y FORTALECER EL FRENTE","SANTA FE","DIPUTADO NACIONAL SUPLENTE","PUJOL, MARIA VICTORIA","3"
"ALIANZA FRENTE DE IZQUIERDA Y DE LOS TRABAJADORES","502","1A - RENOVAR Y FORTALECER EL FRENTE","SANTA FE","DIPUTADO NACIONAL SUPLENTE","MARTINEZ, MARINA MERCEDES","4"
"ALIANZA FRENTE DE IZQUIERDA Y DE LOS TRABAJADORES","502","1A - RENOVAR Y FORTALECER EL FRENTE","SANTA FE","DIPUTADO NACIONAL SUPLENTE","LEVY, BRUNO","5"
"ALIANZA FRENTE DE IZQUIERDA Y DE LOS TRABAJADORES","502","1A - RENOVAR Y FORTALECER EL FRENTE","SANTA FE","DIPUTADO NACIONAL SUPLENTE","PUENTE, PATRICIO ROQUE","6"
"ALIANZA FRENTE DE IZQUIERDA Y DE LOS TRABAJADORES","502","1A - RENOVAR Y FORTALECER EL FRENTE","SANTA FE","PARLAMENTARIO MERCOSUR DISTRITO REGIONAL TITULAR","GRISOLIA, VIRGINIA","1"
"ALIANZA FRENTE DE IZQUIERDA Y DE LOS TRABAJADORES","502","1A - RENOVAR Y FORTALECER EL FRENTE","SANTA FE","PARLAMENTARIO MERCOSUR DISTRITO REGIONAL SUPLENTE","LOGIUDICI, GIORGINA","1"
"ALIANZA FRENTE DE IZQUIERDA Y DE LOS TRABAJADORES","502","1A - RENOVAR Y FORTALECER EL FRENTE","SANTA FE","PARLAMENTARIO MERCOSUR DISTRITO REGIONAL SUPLENTE","FORBITTI, MARIA","2"
"ALIANZA FRENTE DE IZQUIERDA Y DE LOS TRABAJADORES","502","1A - RENOVAR Y FORTALECER EL FRENTE","SANTA FE","SENADOR NACIONAL TITULAR","CASASOLA, FRANCO EMANUEL","1"
"ALIANZA FRENTE DE IZQUIERDA Y DE LOS TRABAJADORES","502","1A - RENOVAR Y FORTALECER EL FRENTE","SANTA FE","SENADOR NACIONAL TITULAR","VILLANUEVA, CONSTANZA","2"
"ALIANZA FRENTE DE IZQUIERDA Y DE LOS TRABAJADORES","502","1A - RENOVAR Y FORTALECER EL FRENTE","SANTA FE","SENADOR NACIONAL SUPLENTE","RODRIGUEZ, CECILIA","1"
"ALIANZA FRENTE DE IZQUIERDA Y DE LOS TRABAJADORES","502","1A - RENOVAR Y FORTALECER EL FRENTE","SANTA FE","SENADOR NACIONAL SUPLENTE","DIAZ CARO, MARIA BELEN","2"
"ALIANZA FRENTE DE IZQUIERDA Y DE LOS TRABAJADORES","502","2U - UNIDAD","SANTA FE","DIPUTADO NACIONAL TITULAR","SIGNA, JORGELINA DORA","1"
"ALIANZA FRENTE DE IZQUIERDA Y DE LOS TRABAJADORES","502","2U - UNIDAD","SANTA FE","DIPUTADO NACIONAL TITULAR","SANCEVICH, SEBASTIAN NICOLAS","2"
"ALIANZA FRENTE DE IZQUIERDA Y DE LOS TRABAJADORES","502","2U - UNIDAD","SANTA FE","DIPUTADO NACIONAL TITULAR","VALLEJO, PABLO","3"
"ALIANZA FRENTE DE IZQUIERDA Y DE LOS TRABAJADORES","502","2U - UNIDAD","SANTA FE","DIPUTADO NACIONAL TITULAR","RUIZ BRY, EUGENIA","4"
"ALIANZA FRENTE DE IZQUIERDA Y DE LOS TRABAJADORES","502","2U - UNIDAD","SANTA FE","DIPUTADO NACIONAL TITULAR","RODRIGUEZ, PABLO DANIEL","5"
"ALIANZA FRENTE DE IZQUIERDA Y DE LOS TRABAJADORES","502","2U - UNIDAD","SANTA FE","DIPUTADO NACIONAL TITULAR","HUNZIKER, CARLOS ALBERTO","6"
"ALIANZA FRENTE DE IZQUIERDA Y DE LOS TRABAJADORES","502","2U - UNIDAD","SANTA FE","DIPUTADO NACIONAL TITULAR","ESCUDERO, ALICIA ANDREA","7"
"ALIANZA FRENTE DE IZQUIERDA Y DE LOS TRABAJADORES","502","2U - UNIDAD","SANTA FE","DIPUTADO NACIONAL TITULAR","RUIZ DIAZ YORIS, MATIAS","8"
"ALIANZA FRENTE DE IZQUIERDA Y DE LOS TRABAJADORES","502","2U - UNIDAD","SANTA FE","DIPUTADO NACIONAL TITULAR","NUÑEZ, CONRADO YAMIL","9"
"ALIANZA FRENTE DE IZQUIERDA Y DE LOS TRABAJADORES","502","2U - UNIDAD","SANTA FE","DIPUTADO NACIONAL TITULAR","SANTARCANGENO, SABRINA","10"
"ALIANZA FRENTE DE IZQUIERDA Y DE LOS TRABAJADORES","502","2U - UNIDAD","SANTA FE","DIPUTADO NACIONAL SUPLENTE","RIPANI, FEDERICO LUCAS RICARDO","1"
"ALIANZA FRENTE DE IZQUIERDA Y DE LOS TRABAJADORES","502","2U - UNIDAD","SANTA FE","DIPUTADO NACIONAL SUPLENTE","REMONDINO, MARIA SILVIA","2"
"ALIANZA FRENTE DE IZQUIERDA Y DE LOS TRABAJADORES","502","2U - UNIDAD","SANTA FE","DIPUTADO NACIONAL SUPLENTE","TONERO, GERMAN A","3"
"ALIANZA FRENTE DE IZQUIERDA Y DE LOS TRABAJADORES","502","2U - UNIDAD","SANTA FE","DIPUTADO NACIONAL SUPLENTE","ROMERO, SEBASTIAN RODRIGO","4"
"ALIANZA FRENTE DE IZQUIERDA Y DE LOS TRABAJADORES","502","2U - UNIDAD","SANTA FE","DIPUTADO NACIONAL SUPLENTE","MIGUEZ MANZANO, CHISTIAN ALEJANDRO","5"
"ALIANZA FRENTE DE IZQUIERDA Y DE LOS TRABAJADORES","502","2U - UNIDAD","SANTA FE","DIPUTADO NACIONAL SUPLENTE","RODRIGUEZ, MARIA CLAUDIA","6"
"ALIANZA FRENTE DE IZQUIERDA Y DE LOS TRABAJADORES","502","2U - UNIDAD","SANTA FE","PARLAMENTARIO MERCOSUR DISTRITO REGIONAL TITULAR","MOLINA, MARIA ELENA","1"
"ALIANZA FRENTE DE IZQUIERDA Y DE LOS TRABAJADORES","502","2U - UNIDAD","SANTA FE","PARLAMENTARIO MERCOSUR DISTRITO REGIONAL SUPLENTE","GAUNA, JUAN JOSE","1"
"ALIANZA FRENTE DE IZQUIERDA Y DE LOS TRABAJADORES","502","2U - UNIDAD","SANTA FE","PARLAMENTARIO MERCOSUR DISTRITO REGIONAL SUPLENTE","CANALIS, LUIS RODOLFO RAUL","2"
"ALIANZA FRENTE DE IZQUIERDA Y DE LOS TRABAJADORES","502","2U - UNIDAD","SANTA FE","SENADOR NACIONAL TITULAR","VERGARA, DANIELA JUDITH","1"
"ALIANZA FRENTE DE IZQUIERDA Y DE LOS TRABAJADORES","502","2U - UNIDAD","SANTA FE","SENADOR NACIONAL TITULAR","LAVINI, GERMAN","2"
"ALIANZA FRENTE DE IZQUIERDA Y DE LOS TRABAJADORES","502","2U - UNIDAD","SANTA FE","SENADOR NACIONAL SUPLENTE","MARCOS, GABRIELA SUSANA","1"
"ALIANZA FRENTE DE IZQUIERDA Y DE LOS TRABAJADORES","502","2U - UNIDAD","SANTA FE","SENADOR NACIONAL SUPLENTE","LOVAGNINI, GUILLERMO ENRIQUE","2"
"ALIANZA COMPROMISO FEDERAL","503","1A - POR LOS JUBILADOS","SANTA FE","DIPUTADO NACIONAL TITULAR","LOMBARDI, GUSTAVO ALBERTO DURVAL","1"
"ALIANZA COMPROMISO FEDERAL","503","1A - POR LOS JUBILADOS","SANTA FE","DIPUTADO NACIONAL TITULAR","ALTAMIRANO, STELLA MARIS","2"
"ALIANZA COMPROMISO FEDERAL","503","1A - POR LOS JUBILADOS","SANTA FE","DIPUTADO NACIONAL TITULAR","PERALTA, PEDRO DANIEL","3"
"ALIANZA COMPROMISO FEDERAL","503","1A - POR LOS JUBILADOS","SANTA FE","DIPUTADO NACIONAL TITULAR","OLIVA, RAFAEL MARTIN","4"
"ALIANZA COMPROMISO FEDERAL","503","1A - POR LOS JUBILADOS","SANTA FE","DIPUTADO NACIONAL TITULAR","SOSA, CINTIA ALEJANDRA","5"
"ALIANZA COMPROMISO FEDERAL","503","1A - POR LOS JUBILADOS","SANTA FE","DIPUTADO NACIONAL TITULAR","MANRIQUE, MATIAS JOSE","6"
"ALIANZA COMPROMISO FEDERAL","503","1A - POR LOS JUBILADOS","SANTA FE","DIPUTADO NACIONAL TITULAR","IBARROLA, ELIO JAVIER","7"
"ALIANZA COMPROMISO FEDERAL","503","1A - POR LOS JUBILADOS","SANTA FE","DIPUTADO NACIONAL TITULAR","VARON, OLGA AMELIA","8"
"ALIANZA COMPROMISO FEDERAL","503","1A - POR LOS JUBILADOS","SANTA FE","DIPUTADO NACIONAL TITULAR","TABARES, MAURO FRANCISCO","9"
"ALIANZA COMPROMISO FEDERAL","503","1A - POR LOS JUBILADOS","SANTA FE","DIPUTADO NACIONAL TITULAR","SOSA, MANUEL ANTONIO","10"
"ALIANZA COMPROMISO FEDERAL","503","1A - POR LOS JUBILADOS","SANTA FE","DIPUTADO NACIONAL SUPLENTE","MARTIN, MARILEN BETIANA","1"
"ALIANZA COMPROMISO FEDERAL","503","1A - POR LOS JUBILADOS","SANTA FE","DIPUTADO NACIONAL SUPLENTE","PONCE, ROMINA ALICIA","2"
"ALIANZA COMPROMISO FEDERAL","503","1A - POR LOS JUBILADOS","SANTA FE","DIPUTADO NACIONAL SUPLENTE","IBAÑEZ, JUAN LUIS","3"
"ALIANZA COMPROMISO FEDERAL","503","1A - POR LOS JUBILADOS","SANTA FE","DIPUTADO NACIONAL SUPLENTE","ROMERO, ELISABET CLAUDIA","4"
"ALIANZA COMPROMISO FEDERAL","503","1A - POR LOS JUBILADOS","SANTA FE","DIPUTADO NACIONAL SUPLENTE","ROMANO, MARISA SABRINA","5"
"ALIANZA COMPROMISO FEDERAL","503","1A - POR LOS JUBILADOS","SANTA FE","DIPUTADO NACIONAL SUPLENTE","DUARTE, SILVANA SOLEDAD","6"
"ALIANZA COMPROMISO FEDERAL","503","1A - POR LOS JUBILADOS","SANTA FE","PARLAMENTARIO MERCOSUR DISTRITO REGIONAL TITULAR","TRASANTE, JORGE LUIS","1"
"ALIANZA COMPROMISO FEDERAL","503","1A - POR LOS JUBILADOS","SANTA FE","PARLAMENTARIO MERCOSUR DISTRITO REGIONAL SUPLENTE","MARTIN, ANALIA CLAUDIA","1"
"ALIANZA COMPROMISO FEDERAL","503","1A - POR LOS JUBILADOS","SANTA FE","PARLAMENTARIO MERCOSUR DISTRITO REGIONAL SUPLENTE","CUEVA, RICARDO HECTOR","2"
"ALIANZA COMPROMISO FEDERAL","503","1A - POR LOS JUBILADOS","SANTA FE","SENADOR NACIONAL TITULAR","MENDOZA, OSCAR NAZARENO","1"
"ALIANZA COMPROMISO FEDERAL","503","1A - POR LOS JUBILADOS","SANTA FE","SENADOR NACIONAL TITULAR","MONTEDORO, DORA RAQUEL MARIA DE I","2"
"ALIANZA COMPROMISO FEDERAL","503","1A - POR LOS JUBILADOS","SANTA FE","SENADOR NACIONAL SUPLENTE","RAMIREZ, MIRTA","1"
"ALIANZA COMPROMISO FEDERAL","503","1A - POR LOS JUBILADOS","SANTA FE","SENADOR NACIONAL SUPLENTE","GIMENEZ, MARCELO FABIAN","2"
"ALIANZA COMPROMISO FEDERAL","503","2B - DESARROLLO AGRO INDUSTRIAL","SANTA FE","DIPUTADO NACIONAL TITULAR","BLANCO, JUAN CARLOS","1"
"ALIANZA COMPROMISO FEDERAL","503","2B - DESARROLLO AGRO INDUSTRIAL","SANTA FE","DIPUTADO NACIONAL TITULAR","OLIVERA, ALICIA BEATRIZ","2"
"ALIANZA COMPROMISO FEDERAL","503","2B - DESARROLLO AGRO INDUSTRIAL","SANTA FE","DIPUTADO NACIONAL TITULAR","ROMANO, DOMINGO ANTONIO","3"
"ALIANZA COMPROMISO FEDERAL","503","2B - DESARROLLO AGRO INDUSTRIAL","SANTA FE","DIPUTADO NACIONAL TITULAR","GAUNA, GREGORIA SILVIA","4"
"ALIANZA COMPROMISO FEDERAL","503","2B - DESARROLLO AGRO INDUSTRIAL","SANTA FE","DIPUTADO NACIONAL TITULAR","COSENTINO, LIONEL RICARDO","5"
"ALIANZA COMPROMISO FEDERAL","503","2B - DESARROLLO AGRO INDUSTRIAL","SANTA FE","DIPUTADO NACIONAL TITULAR","SANTOS, STELLA MARIS","6"
"ALIANZA COMPROMISO FEDERAL","503","2B - DESARROLLO AGRO INDUSTRIAL","SANTA FE","DIPUTADO NACIONAL TITULAR","BONIFACIO, CRISTIAN HECTOR","7"
"ALIANZA COMPROMISO FEDERAL","503","2B - DESARROLLO AGRO INDUSTRIAL","SANTA FE","DIPUTADO NACIONAL TITULAR","PEDICINI, ERICA VICTORIA","8"
"ALIANZA COMPROMISO FEDERAL","503","2B - DESARROLLO AGRO INDUSTRIAL","SANTA FE","DIPUTADO NACIONAL TITULAR","CATARINACCI, NESTOR FABIAN","9"
"ALIANZA COMPROMISO FEDERAL","503","2B - DESARROLLO AGRO INDUSTRIAL","SANTA FE","DIPUTADO NACIONAL TITULAR","MANZANO, JUAN CARLOS","10"
"ALIANZA COMPROMISO FEDERAL","503","2B - DESARROLLO AGRO INDUSTRIAL","SANTA FE","DIPUTADO NACIONAL SUPLENTE","MILANES, JUAN CARLSO","1"
"ALIANZA COMPROMISO FEDERAL","503","2B - DESARROLLO AGRO INDUSTRIAL","SANTA FE","DIPUTADO NACIONAL SUPLENTE","RODRIGUEZ, MAGALI BELEN","2"
"ALIANZA COMPROMISO FEDERAL","503","2B - DESARROLLO AGRO INDUSTRIAL","SANTA FE","DIPUTADO NACIONAL SUPLENTE","QUINTANA, CARLOS RUBEN","3"
"ALIANZA COMPROMISO FEDERAL","503","2B - DESARROLLO AGRO INDUSTRIAL","SANTA FE","DIPUTADO NACIONAL SUPLENTE","RODRIGUEZ, ALICIA","4"
"ALIANZA COMPROMISO FEDERAL","503","2B - DESARROLLO AGRO INDUSTRIAL","SANTA FE","DIPUTADO NACIONAL SUPLENTE","DITO, LUIS ROBERTO","5"
"ALIANZA COMPROMISO FEDERAL","503","2B - DESARROLLO AGRO INDUSTRIAL","SANTA FE","DIPUTADO NACIONAL SUPLENTE","PEDERNERA, JOSE PABLO","6"
"ALIANZA COMPROMISO FEDERAL","503","2B - DESARROLLO AGRO INDUSTRIAL","SANTA FE","PARLAMENTARIO MERCOSUR DISTRITO REGIONAL TITULAR","FLEITAS, JORGE ANDRES","1"
"ALIANZA COMPROMISO FEDERAL","503","2B - DESARROLLO AGRO INDUSTRIAL","SANTA FE","PARLAMENTARIO MERCOSUR DISTRITO REGIONAL SUPLENTE","ARFELI, GLORIA ALICIA","1"
"ALIANZA COMPROMISO FEDERAL","503","2B - DESARROLLO AGRO INDUSTRIAL","SANTA FE","PARLAMENTARIO MERCOSUR DISTRITO REGIONAL SUPLENTE","PUPO, RAMON GUSTAVO","2"
"ALIANZA COMPROMISO FEDERAL","503","2B - DESARROLLO AGRO INDUSTRIAL","SANTA FE","SENADOR NACIONAL TITULAR","GRANELLI, JUAN JAVIER","1"
"ALIANZA COMPROMISO FEDERAL","503","2B - DESARROLLO AGRO INDUSTRIAL","SANTA FE","SENADOR NACIONAL TITULAR","TELPUK, MARIA LUJAN","2"
"ALIANZA COMPROMISO FEDERAL","503","2B - DESARROLLO AGRO INDUSTRIAL","SANTA FE","SENADOR NACIONAL SUPLENTE","MOSCATO, DIEGO ARIEL","1"
"ALIANZA COMPROMISO FEDERAL","503","2B - DESARROLLO AGRO INDUSTRIAL","SANTA FE","SENADOR NACIONAL SUPLENTE","GESSAGA, NOEMI LILIANA","2"
"ALIANZA COMPROMISO FEDERAL","503","3C - ES POSIBLE","SANTA FE","DIPUTADO NACIONAL TITULAR","BRIGNARDELLO, FABIAN ANDRES","1"
"ALIANZA COMPROMISO FEDERAL","503","3C - ES POSIBLE","SANTA FE","DIPUTADO NACIONAL TITULAR","MANSILLA, LILIANA BEATRIZ","2"
"ALIANZA COMPROMISO FEDERAL","503","3C - ES POSIBLE","SANTA FE","DIPUTADO NACIONAL TITULAR","BATIE, LUCIANO JAVIER","3"
"ALIANZA COMPROMISO FEDERAL","503","3C - ES POSIBLE","SANTA FE","DIPUTADO NACIONAL TITULAR","JUNCO, MARCELINA","4"
"ALIANZA COMPROMISO FEDERAL","503","3C - ES POSIBLE","SANTA FE","DIPUTADO NACIONAL TITULAR","RAMOS, ANTONIO CATALINO","5"
"ALIANZA COMPROMISO FEDERAL","503","3C - ES POSIBLE","SANTA FE","DIPUTADO NACIONAL TITULAR","IZU, DAVID JOAQUIEN JOSE","6"
"ALIANZA COMPROMISO FEDERAL","503","3C - ES POSIBLE","SANTA FE","DIPUTADO NACIONAL TITULAR","DOMINGUEZ, MARCELA ELIZABET","7"
"ALIANZA COMPROMISO FEDERAL","503","3C - ES POSIBLE","SANTA FE","DIPUTADO NACIONAL TITULAR","MARTINEZ, MAURO CESAR","8"
"ALIANZA COMPROMISO FEDERAL","503","3C - ES POSIBLE","SANTA FE","DIPUTADO NACIONAL TITULAR","MOLINARI, ADRIANO VALENTINO","9"
"ALIANZA COMPROMISO FEDERAL","503","3C - ES POSIBLE","SANTA FE","DIPUTADO NACIONAL TITULAR","SANTI, ANALIA SOLEDAD","10"
"ALIANZA COMPROMISO FEDERAL","503","3C - ES POSIBLE","SANTA FE","DIPUTADO NACIONAL SUPLENTE","KIENER, MARIA CRISTINA","1"
"ALIANZA COMPROMISO FEDERAL","503","3C - ES POSIBLE","SANTA FE","DIPUTADO NACIONAL SUPLENTE","RODRIGUEZ, PABLO JESUS","2"
"ALIANZA COMPROMISO FEDERAL","503","3C - ES POSIBLE","SANTA FE","DIPUTADO NACIONAL SUPLENTE","MARTINEZ, ELIDA GABRIELA","3"
"ALIANZA COMPROMISO FEDERAL","503","3C - ES POSIBLE","SANTA FE","DIPUTADO NACIONAL SUPLENTE","SANTI, LUIS ALBERTO","4"
"ALIANZA COMPROMISO FEDERAL","503","3C - ES POSIBLE","SANTA FE","DIPUTADO NACIONAL SUPLENTE","SALVA, ELIANA SOLEDAD","5"
"ALIANZA COMPROMISO FEDERAL","503","3C - ES POSIBLE","SANTA FE","DIPUTADO NACIONAL SUPLENTE","MARTINO, LEANDRO ALBERTO","6"
"ALIANZA COMPROMISO FEDERAL","503","3C - ES POSIBLE","SANTA FE","PARLAMENTARIO MERCOSUR DISTRITO REGIONAL TITULAR","ALONSO, JUAN MANUEL","1"
"ALIANZA COMPROMISO FEDERAL","503","3C - ES POSIBLE","SANTA FE","PARLAMENTARIO MERCOSUR DISTRITO REGIONAL SUPLENTE","ALONSO, FLORENCIA MARIA LUZ","1"
"ALIANZA COMPROMISO FEDERAL","503","3C - ES POSIBLE","SANTA FE","PARLAMENTARIO MERCOSUR DISTRITO REGIONAL SUPLENTE","MONDINO ARNAUDO, LUCIANO RUBEN","2"
"ALIANZA COMPROMISO FEDERAL","503","3C - ES POSIBLE","SANTA FE","SENADOR NACIONAL TITULAR","MARTINO, JUAN ANTONIO","1"
"ALIANZA COMPROMISO FEDERAL","503","3C - ES POSIBLE","SANTA FE","SENADOR NACIONAL TITULAR","MORALES, SILVIA VIVIANA","2"
"ALIANZA COMPROMISO FEDERAL","503","3C - ES POSIBLE","SANTA FE","SENADOR NACIONAL SUPLENTE","VAZQUEZ, EDUARDO LUIS","1"
"ALIANZA COMPROMISO FEDERAL","503","3C - ES POSIBLE","SANTA FE","SENADOR NACIONAL SUPLENTE","FABICHE, ANA ESTHER","2"
"ALIANZA UNIDOS POR UNA NUEVA ALTERNATIVA","504","1A - UNA OPCION SANTAFESINA","SANTA FE","DIPUTADO NACIONAL TITULAR","GRANDINETTI, ALEJANDRO ARIEL","1"
"ALIANZA UNIDOS POR UNA NUEVA ALTERNATIVA","504","1A - UNA OPCION SANTAFESINA","SANTA FE","DIPUTADO NACIONAL TITULAR","MASSETANI, VANESA LAURA","2"
"ALIANZA UNIDOS POR UNA NUEVA ALTERNATIVA","504","1A - UNA OPCION SANTAFESINA","SANTA FE","DIPUTADO NACIONAL TITULAR","REMONDA, GUILLERMO RICARDO","3"
"ALIANZA UNIDOS POR UNA NUEVA ALTERNATIVA","504","1A - UNA OPCION SANTAFESINA","SANTA FE","DIPUTADO NACIONAL TITULAR","MELI, ROBERTO LUIS","4"
"ALIANZA UNIDOS POR UNA NUEVA ALTERNATIVA","504","1A - UNA OPCION SANTAFESINA","SANTA FE","DIPUTADO NACIONAL TITULAR","SOSA, NIDIA MARGARITA","5"
"ALIANZA UNIDOS POR UNA NUEVA ALTERNATIVA","504","1A - UNA OPCION SANTAFESINA","SANTA FE","DIPUTADO NACIONAL TITULAR","ALCAZAR, ARMANDO SERGIO","6"
"ALIANZA UNIDOS POR UNA NUEVA ALTERNATIVA","504","1A - UNA OPCION SANTAFESINA","SANTA FE","DIPUTADO NACIONAL TITULAR","INGIGNONI, NATALIA LILIANA","7"
"ALIANZA UNIDOS POR UNA NUEVA ALTERNATIVA","504","1A - UNA OPCION SANTAFESINA","SANTA FE","DIPUTADO NACIONAL TITULAR","GARCIA, ROBERTO ROLANDO","8"
"ALIANZA UNIDOS POR UNA NUEVA ALTERNATIVA","504","1A - UNA OPCION SANTAFESINA","SANTA FE","DIPUTADO NACIONAL TITULAR","ABALOS, FRANCISCO AGUSTIN","9"
"ALIANZA UNIDOS POR UNA NUEVA ALTERNATIVA","504","1A - UNA OPCION SANTAFESINA","SANTA FE","DIPUTADO NACIONAL TITULAR","APPENDINO, NOEMI AMALIA","10"
"ALIANZA UNIDOS POR UNA NUEVA ALTERNATIVA","504","1A - UNA OPCION SANTAFESINA","SANTA FE","DIPUTADO NACIONAL SUPLENTE","PUCCIARELLI, ALBERTO ENRIQUE","1"
"ALIANZA UNIDOS POR UNA NUEVA ALTERNATIVA","504","1A - UNA OPCION SANTAFESINA","SANTA FE","DIPUTADO NACIONAL SUPLENTE","ACEVEDO, VANINA MARIA","2"
"ALIANZA UNIDOS POR UNA NUEVA ALTERNATIVA","504","1A - UNA OPCION SANTAFESINA","SANTA FE","DIPUTADO NACIONAL SUPLENTE","GIAILEVRA, GUSTAVO ANSELMO","3"
"ALIANZA UNIDOS POR UNA NUEVA ALTERNATIVA","504","1A - UNA OPCION SANTAFESINA","SANTA FE","DIPUTADO NACIONAL SUPLENTE","LOPEZ, FABIANA DORA","4"
"ALIANZA UNIDOS POR UNA NUEVA ALTERNATIVA","504","1A - UNA OPCION SANTAFESINA","SANTA FE","DIPUTADO NACIONAL SUPLENTE","CAMPOS, LUCIANO ALBERTO","5"
"ALIANZA UNIDOS POR UNA NUEVA ALTERNATIVA","504","1A - UNA OPCION SANTAFESINA","SANTA FE","DIPUTADO NACIONAL SUPLENTE","BUONICONTI, GERARDO BRUNO","6"
"ALIANZA UNIDOS POR UNA NUEVA ALTERNATIVA","504","1A - UNA OPCION SANTAFESINA","SANTA FE","PARLAMENTARIO MERCOSUR DISTRITO REGIONAL TITULAR","ARAUJO, ARTURO IGNACIO","1"
"ALIANZA UNIDOS POR UNA NUEVA ALTERNATIVA","504","1A - UNA OPCION SANTAFESINA","SANTA FE","PARLAMENTARIO MERCOSUR DISTRITO REGIONAL SUPLENTE","CONTRERAS, ALBA ETEL","1"
"ALIANZA UNIDOS POR UNA NUEVA ALTERNATIVA","504","1A - UNA OPCION SANTAFESINA","SANTA FE","PARLAMENTARIO MERCOSUR DISTRITO REGIONAL SUPLENTE","COSO, EDUARDO DANIEL","2"
"ALIANZA UNIDOS POR UNA NUEVA ALTERNATIVA","504","1A - UNA OPCION SANTAFESINA","SANTA FE","SENADOR NACIONAL TITULAR","ROMAGNOLI, EDUARDO OSCAR","1"
"ALIANZA UNIDOS POR UNA NUEVA ALTERNATIVA","504","1A - UNA OPCION SANTAFESINA","SANTA FE","SENADOR NACIONAL TITULAR","DIEZ DE TEJADA, SOLEDAD","2"
"ALIANZA UNIDOS POR UNA NUEVA ALTERNATIVA","504","1A - UNA OPCION SANTAFESINA","SANTA FE","SENADOR NACIONAL SUPLENTE","PASCUAL, ANDREA SOLEDAD","1"
"ALIANZA UNIDOS POR UNA NUEVA ALTERNATIVA","504","1A - UNA OPCION SANTAFESINA","SANTA FE","SENADOR NACIONAL SUPLENTE","CONTRERAS, ALBA ETEL","2"
"ALIANZA FRENTE PROGRESISTA CIVICO Y SOCIAL","505","A - SANTA FE AVANZA","SANTA FE","DIPUTADO NACIONAL TITULAR","MARCUCCI, HUGO MARIA","1"
"ALIANZA FRENTE PROGRESISTA CIVICO Y SOCIAL","505","A - SANTA FE AVANZA","SANTA FE","DIPUTADO NACIONAL TITULAR","GONZALEZ, MARIA DE LOS ANGELES","2"
"ALIANZA FRENTE PROGRESISTA CIVICO Y SOCIAL","505","A - SANTA FE AVANZA","SANTA FE","DIPUTADO NACIONAL TITULAR","PERALTA MACHADO, MONICA CECILIA ROSARIO","3"
"ALIANZA FRENTE PROGRESISTA CIVICO Y SOCIAL","505","A - SANTA FE AVANZA","SANTA FE","DIPUTADO NACIONAL TITULAR","LAMBERTO, PABLO FLORENCIO","4"
"ALIANZA FRENTE PROGRESISTA CIVICO Y SOCIAL","505","A - SANTA FE AVANZA","SANTA FE","DIPUTADO NACIONAL TITULAR","CANDIDO, JUAN CRUZ","5"
"ALIANZA FRENTE PROGRESISTA CIVICO Y SOCIAL","505","A - SANTA FE AVANZA","SANTA FE","DIPUTADO NACIONAL TITULAR","BARACAT, AYELEN TANIA","6"
"ALIANZA FRENTE PROGRESISTA CIVICO Y SOCIAL","505","A - SANTA FE AVANZA","SANTA FE","DIPUTADO NACIONAL TITULAR","PELLEGRINI, JUAN IGNACIO","7"
"ALIANZA FRENTE PROGRESISTA CIVICO Y SOCIAL","505","A - SANTA FE AVANZA","SANTA FE","DIPUTADO NACIONAL TITULAR","CAPILLA, MARIA LAURA","8"
"ALIANZA FRENTE PROGRESISTA CIVICO Y SOCIAL","505","A - SANTA FE AVANZA","SANTA FE","DIPUTADO NACIONAL TITULAR","BAEZ, GABRIEL HERNAN","9"
"ALIANZA FRENTE PROGRESISTA CIVICO Y SOCIAL","505","A - SANTA FE AVANZA","SANTA FE","DIPUTADO NACIONAL TITULAR","MERINDOL, ALEJANDRO GUILLERMO","10"
"ALIANZA FRENTE PROGRESISTA CIVICO Y SOCIAL","505","A - SANTA FE AVANZA","SANTA FE","DIPUTADO NACIONAL SUPLENTE","BOTTERO, GERMAN JUAN","1"
"ALIANZA FRENTE PROGRESISTA CIVICO Y SOCIAL","505","A - SANTA FE AVANZA","SANTA FE","DIPUTADO NACIONAL SUPLENTE","CAROTTI, XIMENA","2"
"ALIANZA FRENTE PROGRESISTA CIVICO Y SOCIAL","505","A - SANTA FE AVANZA","SANTA FE","DIPUTADO NACIONAL SUPLENTE","PINOTTI, PABLO ADRIAN","3"
"ALIANZA FRENTE PROGRESISTA CIVICO Y SOCIAL","505","A - SANTA FE AVANZA","SANTA FE","DIPUTADO NACIONAL SUPLENTE","RAMOS, MARIO JESUS","4"
"ALIANZA FRENTE PROGRESISTA CIVICO Y SOCIAL","505","A - SANTA FE AVANZA","SANTA FE","DIPUTADO NACIONAL SUPLENTE","MONDINO, MARIA LAURA","5"
"ALIANZA FRENTE PROGRESISTA CIVICO Y SOCIAL","505","A - SANTA FE AVANZA","SANTA FE","DIPUTADO NACIONAL SUPLENTE","FARAONI, ARMANDO NICOLAS","6"
"ALIANZA FRENTE PROGRESISTA CIVICO Y SOCIAL","505","A - SANTA FE AVANZA","SANTA FE","PARLAMENTARIO MERCOSUR DISTRITO REGIONAL TITULAR","COMI, CARLOS MARCELO","1"
"ALIANZA FRENTE PROGRESISTA CIVICO Y SOCIAL","505","A - SANTA FE AVANZA","SANTA FE","PARLAMENTARIO MERCOSUR DISTRITO REGIONAL SUPLENTE","FATTI, FABRIZIO","1"
"ALIANZA FRENTE PROGRESISTA CIVICO Y SOCIAL","505","A - SANTA FE AVANZA","SANTA FE","PARLAMENTARIO MERCOSUR DISTRITO REGIONAL SUPLENTE","DUPOUY, ALEJANDRA ANDREA","2"
"ALIANZA FRENTE PROGRESISTA CIVICO Y SOCIAL","505","A - SANTA FE AVANZA","SANTA FE","SENADOR NACIONAL TITULAR","BINNER, HERMES JUAN","1"
"ALIANZA FRENTE PROGRESISTA CIVICO Y SOCIAL","505","A - SANTA FE AVANZA","SANTA FE","SENADOR NACIONAL TITULAR","SPERANZA, MARTA BEATRIZ","2"
"ALIANZA FRENTE PROGRESISTA CIVICO Y SOCIAL","505","A - SANTA FE AVANZA","SANTA FE","SENADOR NACIONAL SUPLENTE","RASINO, ELIDA ELENA","1"
"ALIANZA FRENTE PROGRESISTA CIVICO Y SOCIAL","505","A - SANTA FE AVANZA","SANTA FE","SENADOR NACIONAL SUPLENTE","GRES, RUBEN DARIO","2"
"ALIANZA FRENTE PARA LA VICTORIA","507","CELESTE Y BLANCA K NESTOR KIRCHNER","SANTA FE","DIPUTADO NACIONAL TITULAR","CLERI, MARCOS","1"
"ALIANZA FRENTE PARA LA VICTORIA","507","CELESTE Y BLANCA K NESTOR KIRCHNER","SANTA FE","DIPUTADO NACIONAL TITULAR","FRANA, SILVINA PATRICIA","2"
"ALIANZA FRENTE PARA LA VICTORIA","507","CELESTE Y BLANCA K NESTOR KIRCHNER","SANTA FE","DIPUTADO NACIONAL TITULAR","RAMOS, ALEJANDRO","3"
"ALIANZA FRENTE PARA LA VICTORIA","507","CELESTE Y BLANCA K NESTOR KIRCHNER","SANTA FE","DIPUTADO NACIONAL TITULAR","DE PONTI, LUCILA MARIA","4"
"ALIANZA FRENTE PARA LA VICTORIA","507","CELESTE Y BLANCA K NESTOR KIRCHNER","SANTA FE","DIPUTADO NACIONAL TITULAR","TESSINI, CLAUDIO OMAR","5"
"ALIANZA FRENTE PARA LA VICTORIA","507","CELESTE Y BLANCA K NESTOR KIRCHNER","SANTA FE","DIPUTADO NACIONAL TITULAR","BASANO, JORGELINA RAQUEL","6"
"ALIANZA FRENTE PARA LA VICTORIA","507","CELESTE Y BLANCA K NESTOR KIRCHNER","SANTA FE","DIPUTADO NACIONAL TITULAR","RUSCITTI, NORBERTO NAZARENO","7"
"ALIANZA FRENTE PARA LA VICTORIA","507","CELESTE Y BLANCA K NESTOR KIRCHNER","SANTA FE","DIPUTADO NACIONAL TITULAR","MUDALLEL, JORGELINA","8"
"ALIANZA FRENTE PARA LA VICTORIA","507","CELESTE Y BLANCA K NESTOR KIRCHNER","SANTA FE","DIPUTADO NACIONAL TITULAR","WILD, GISELA IVANNA","9"
"ALIANZA FRENTE PARA LA VICTORIA","507","CELESTE Y BLANCA K NESTOR KIRCHNER","SANTA FE","DIPUTADO NACIONAL TITULAR","SEGUETTI, GASTON ALFREDO","10"
"ALIANZA FRENTE PARA LA VICTORIA","507","CELESTE Y BLANCA K NESTOR KIRCHNER","SANTA FE","DIPUTADO NACIONAL SUPLENTE","REYNOSO, RICARDO ABEL","1"
"ALIANZA FRENTE PARA LA VICTORIA","507","CELESTE Y BLANCA K NESTOR KIRCHNER","SANTA FE","DIPUTADO NACIONAL SUPLENTE","CERUTTI, ANTONELLA","2"
"ALIANZA FRENTE PARA LA VICTORIA","507","CELESTE Y BLANCA K NESTOR KIRCHNER","SANTA FE","DIPUTADO NACIONAL SUPLENTE","DEBLOC, NICOLAS","3"
"ALIANZA FRENTE PARA LA VICTORIA","507","CELESTE Y BLANCA K NESTOR KIRCHNER","SANTA FE","DIPUTADO NACIONAL SUPLENTE","RICO, IGNACIO","4"
"ALIANZA FRENTE PARA LA VICTORIA","507","CELESTE Y BLANCA K NESTOR KIRCHNER","SANTA FE","DIPUTADO NACIONAL SUPLENTE","BOUCHET, LEILEN","5"
"ALIANZA FRENTE PARA LA VICTORIA","507","CELESTE Y BLANCA K NESTOR KIRCHNER","SANTA FE","DIPUTADO NACIONAL SUPLENTE","POUSSIF, AGUSTIN DIMAS","6"
"ALIANZA FRENTE PARA LA VICTORIA","507","CELESTE Y BLANCA K NESTOR KIRCHNER","SANTA FE","PARLAMENTARIO MERCOSUR DISTRITO REGIONAL TITULAR","MANSILLA, DIEGO MARTIN","1"
"ALIANZA FRENTE PARA LA VICTORIA","507","CELESTE Y BLANCA K NESTOR KIRCHNER","SANTA FE","PARLAMENTARIO MERCOSUR DISTRITO REGIONAL SUPLENTE","GONNET, ERIKA MARIA DE LUJAN","1"
"ALIANZA FRENTE PARA LA VICTORIA","507","CELESTE Y BLANCA K NESTOR KIRCHNER","SANTA FE","PARLAMENTARIO MERCOSUR DISTRITO REGIONAL SUPLENTE","ALLASSIA DE MARCO, MARIANA LAURA","2"
"ALIANZA FRENTE PARA LA VICTORIA","507","CELESTE Y BLANCA K NESTOR KIRCHNER","SANTA FE","SENADOR NACIONAL TITULAR","PEROTTI, OMAR ANGEL","1"
"ALIANZA FRENTE PARA LA VICTORIA","507","CELESTE Y BLANCA K NESTOR KIRCHNER","SANTA FE","SENADOR NACIONAL TITULAR","SACNUN, MARIA DE LOS ANGELES","2"
"ALIANZA FRENTE PARA LA VICTORIA","507","CELESTE Y BLANCA K NESTOR KIRCHNER","SANTA FE","SENADOR NACIONAL SUPLENTE","MIRABELLA, ROBERTO MARIO","1"
"ALIANZA FRENTE PARA LA VICTORIA","507","CELESTE Y BLANCA K NESTOR KIRCHNER","SANTA FE","SENADOR NACIONAL SUPLENTE","GONZALEZ, JOSEFINA VICTORIA","2"
"NUEVA IZQUIERDA","68","1A - UNIDAD","SANTA FE","DIPUTADO NACIONAL TITULAR","SOSA, JIMENA","1"
"NUEVA IZQUIERDA","68","1A - UNIDAD","SANTA FE","DIPUTADO NACIONAL TITULAR","FERNANDEZ, MARCELO","2"
"NUEVA IZQUIERDA","68","1A - UNIDAD","SANTA FE","DIPUTADO NACIONAL TITULAR","GIMENEZ, RODRIGO","3"
"NUEVA IZQUIERDA","68","1A - UNIDAD","SANTA FE","DIPUTADO NACIONAL TITULAR","CARDINALI, MARIA VICTORIA","4"
"NUEVA IZQUIERDA","68","1A - UNIDAD","SANTA FE","DIPUTADO NACIONAL TITULAR","JUAREZ, OSCAR","5"
"NUEVA IZQUIERDA","68","1A - UNIDAD","SANTA FE","DIPUTADO NACIONAL TITULAR","CORBALAN, ROSANA","6"
"NUEVA IZQUIERDA","68","1A - UNIDAD","SANTA FE","DIPUTADO NACIONAL TITULAR","RECAGNO, PAULA","7"
"NUEVA IZQUIERDA","68","1A - UNIDAD","SANTA FE","DIPUTADO NACIONAL TITULAR","DIONISIO, MIGUEL","8"
"NUEVA IZQUIERDA","68","1A - UNIDAD","SANTA FE","DIPUTADO NACIONAL TITULAR","MIAN, FABIAN","9"
"NUEVA IZQUIERDA","68","1A - UNIDAD","SANTA FE","DIPUTADO NACIONAL TITULAR","GAITAN, SILVIA MARICEL","10"
"NUEVA IZQUIERDA","68","1A - UNIDAD","SANTA FE","DIPUTADO NACIONAL SUPLENTE","BERON, SERGIO","1"
"NUEVA IZQUIERDA","68","1A - UNIDAD","SANTA FE","DIPUTADO NACIONAL SUPLENTE","VELIZ, GRACIELA","2"
"NUEVA IZQUIERDA","68","1A - UNIDAD","SANTA FE","DIPUTADO NACIONAL SUPLENTE","RIOS, MARIA INES","3"
"NUEVA IZQUIERDA","68","1A - UNIDAD","SANTA FE","DIPUTADO NACIONAL SUPLENTE","GALLO, ALFREDO","4"
"NUEVA IZQUIERDA","68","1A - UNIDAD","SANTA FE","DIPUTADO NACIONAL SUPLENTE","AQUINO, IVANA","5"
"NUEVA IZQUIERDA","68","1A - UNIDAD","SANTA FE","DIPUTADO NACIONAL SUPLENTE","BENARD, MELISA","6"
"NUEVA IZQUIERDA","68","1A - UNIDAD","SANTA FE","PARLAMENTARIO MERCOSUR DISTRITO REGIONAL TITULAR","FERNANDEZ, FACUNDO","1"
"NUEVA IZQUIERDA","68","1A - UNIDAD","SANTA FE","PARLAMENTARIO MERCOSUR DISTRITO REGIONAL SUPLENTE","SOSA, MA","1"
"NUEVA IZQUIERDA","68","1A - UNIDAD","SANTA FE","PARLAMENTARIO MERCOSUR DISTRITO REGIONAL SUPLENTE","GUTIERREZ, FERNANDA","2"
"NUEVA IZQUIERDA","68","1A - UNIDAD","SANTA FE","SENADOR NACIONAL TITULAR","PARLANTE, ALEJANDRO","1"
"NUEVA IZQUIERDA","68","1A - UNIDAD","SANTA FE","SENADOR NACIONAL TITULAR","ZAPATA, CAROLINA","2"
"NUEVA IZQUIERDA","68","1A - UNIDAD","SANTA FE","SENADOR NACIONAL SUPLENTE","MARELLI, ROBERTO","1"
"NUEVA IZQUIERDA","68","1A - UNIDAD","SANTA FE","SENADOR NACIONAL SUPLENTE","FERNANDEZ, NORMA","2"
"DEL TRABAJO Y DEL PUEBLO","74","A - FUERZA POPULAR","SANTA FE","DIPUTADO NACIONAL TITULAR","MOLINAS, LUIS OSCAR","1"
"DEL TRABAJO Y DEL PUEBLO","74","A - FUERZA POPULAR","SANTA FE","DIPUTADO NACIONAL TITULAR","ALBORNOZ, MARIA CLAUDIA","2"
"DEL TRABAJO Y DEL PUEBLO","74","A - FUERZA POPULAR","SANTA FE","DIPUTADO NACIONAL TITULAR","BRUFMAN, GUSTAVO ARIEL","3"
"DEL TRABAJO Y DEL PUEBLO","74","A - FUERZA POPULAR","SANTA FE","DIPUTADO NACIONAL TITULAR","MORETTI, LUCIANO","4"
"DEL TRABAJO Y DEL PUEBLO","74","A - FUERZA POPULAR","SANTA FE","DIPUTADO NACIONAL TITULAR","SCOCCO, MARIANELA","5"
"DEL TRABAJO Y DEL PUEBLO","74","A - FUERZA POPULAR","SANTA FE","DIPUTADO NACIONAL TITULAR","PERUSINI, MARCOS MARCELO","6"
"DEL TRABAJO Y DEL PUEBLO","74","A - FUERZA POPULAR","SANTA FE","DIPUTADO NACIONAL TITULAR","GIMENEZ, ROMINA ALEJANDRA","7"
"DEL TRABAJO Y DEL PUEBLO","74","A - FUERZA POPULAR","SANTA FE","DIPUTADO NACIONAL TITULAR","OLAVARRIA, ANDRES","8"
"DEL TRABAJO Y DEL PUEBLO","74","A - FUERZA POPULAR","SANTA FE","DIPUTADO NACIONAL TITULAR","RICO, LEONARDO","9"
"DEL TRABAJO Y DEL PUEBLO","74","A - FUERZA POPULAR","SANTA FE","DIPUTADO NACIONAL TITULAR","MEIER, ROBERTO ANTONIO","10"
"DEL TRABAJO Y DEL PUEBLO","74","A - FUERZA POPULAR","SANTA FE","DIPUTADO NACIONAL SUPLENTE","CUEVAS, LAURA DEL VALLE","1"
"DEL TRABAJO Y DEL PUEBLO","74","A - FUERZA POPULAR","SANTA FE","DIPUTADO NACIONAL SUPLENTE","CORNAGLIA, MAURICIO JOSE","2"
"DEL TRABAJO Y DEL PUEBLO","74","A - FUERZA POPULAR","SANTA FE","DIPUTADO NACIONAL SUPLENTE","AVALOS, CHRISTIAN ALBERTO","3"
"DEL TRABAJO Y DEL PUEBLO","74","A - FUERZA POPULAR","SANTA FE","DIPUTADO NACIONAL SUPLENTE","GASSMANN, MARIA NOEL","4"
"DEL TRABAJO Y DEL PUEBLO","74","A - FUERZA POPULAR","SANTA FE","DIPUTADO NACIONAL SUPLENTE","PINTO, NORMA BEATRIZ","5"
"DEL TRABAJO Y DEL PUEBLO","74","A - FUERZA POPULAR","SANTA FE","DIPUTADO NACIONAL SUPLENTE","YALASI, OSCAR NICASIO SEBASTIAN","6"
"DEL TRABAJO Y DEL PUEBLO","74","A - FUERZA POPULAR","SANTA FE","PARLAMENTARIO MERCOSUR DISTRITO REGIONAL TITULAR","TABARES, HORACIO SANTIAGO","1"
"DEL TRABAJO Y DEL PUEBLO","74","A - FUERZA POPULAR","SANTA FE","PARLAMENTARIO MERCOSUR DISTRITO REGIONAL SUPLENTE","LEYES, ARMINDA LILIANA","1"
"DEL TRABAJO Y DEL PUEBLO","74","A - FUERZA POPULAR","SANTA FE","PARLAMENTARIO MERCOSUR DISTRITO REGIONAL SUPLENTE","NICASTRO, MIGUEL ANGEL","2"
"DEL TRABAJO Y DEL PUEBLO","74","A - FUERZA POPULAR","SANTA FE","SENADOR NACIONAL TITULAR","CASTRO, JORGE HECTOR","1"
"DEL TRABAJO Y DEL PUEBLO","74","A - FUERZA POPULAR","SANTA FE","SENADOR NACIONAL TITULAR","QUAGLIARO, LETICIA BEATRIZ","2"
"DEL TRABAJO Y DEL PUEBLO","74","A - FUERZA POPULAR","SANTA FE","SENADOR NACIONAL SUPLENTE","SECRETO, AGUSTIN ALBERTO","1"
"DEL TRABAJO Y DEL PUEBLO","74","A - FUERZA POPULAR","SANTA FE","SENADOR NACIONAL SUPLENTE","MENENDEZ, ROSANA DANIELA","2"
"POPULAR","81","A - MOVIMIENTO SOLIDARIO POPULAR","SANTA FE","DIPUTADO NACIONAL TITULAR","LUJAN, MARIO CIPRIANO","1"
"POPULAR","81","A - MOVIMIENTO SOLIDARIO POPULAR","SANTA FE","DIPUTADO NACIONAL TITULAR","DOMINGUEZ, LILIANA","2"
"POPULAR","81","A - MOVIMIENTO SOLIDARIO POPULAR","SANTA FE","DIPUTADO NACIONAL TITULAR","BELTRAME, ELIO ANTONIO","3"
"POPULAR","81","A - MOVIMIENTO SOLIDARIO POPULAR","SANTA FE","DIPUTADO NACIONAL TITULAR","TUTTOLOMONDO, LUIS ALBERTO","4"
"POPULAR","81","A - MOVIMIENTO SOLIDARIO POPULAR","SANTA FE","DIPUTADO NACIONAL TITULAR","RONDANO, NORA MARCELA","5"
"POPULAR","81","A - MOVIMIENTO SOLIDARIO POPULAR","SANTA FE","DIPUTADO NACIONAL TITULAR","POLLA, JUAN RAMON","6"
"POPULAR","81","A - MOVIMIENTO SOLIDARIO POPULAR","SANTA FE","DIPUTADO NACIONAL TITULAR","RIOS, SERGIO DANIEL","7"
"POPULAR","81","A - MOVIMIENTO SOLIDARIO POPULAR","SANTA FE","DIPUTADO NACIONAL TITULAR","SOTO, SILVANA ALEJANDRA","8"
"POPULAR","81","A - MOVIMIENTO SOLIDARIO POPULAR","SANTA FE","DIPUTADO NACIONAL TITULAR","GIULIANO, DANIEL ALBERTO","9"
"POPULAR","81","A - MOVIMIENTO SOLIDARIO POPULAR","SANTA FE","DIPUTADO NACIONAL TITULAR","VALDEZ, GRACIELA","10"
"POPULAR","81","A - MOVIMIENTO SOLIDARIO POPULAR","SANTA FE","DIPUTADO NACIONAL SUPLENTE","ACOSTA, ELIDA SUSANA","1"
"POPULAR","81","A - MOVIMIENTO SOLIDARIO POPULAR","SANTA FE","DIPUTADO NACIONAL SUPLENTE","BARRERA, PABLO MARCELO","2"
"POPULAR","81","A - MOVIMIENTO SOLIDARIO POPULAR","SANTA FE","DIPUTADO NACIONAL SUPLENTE","PASZKOWSKI, DANIEL OMAR ISAIAS","3"
"POPULAR","81","A - MOVIMIENTO SOLIDARIO POPULAR","SANTA FE","DIPUTADO NACIONAL SUPLENTE","HIDALGO, CARLOS ROBERTO","4"
"POPULAR","81","A - MOVIMIENTO SOLIDARIO POPULAR","SANTA FE","DIPUTADO NACIONAL SUPLENTE","TORRES, NERINA SOLEDAD","5"
"POPULAR","81","A - MOVIMIENTO SOLIDARIO POPULAR","SANTA FE","DIPUTADO NACIONAL SUPLENTE","FARIAS, BLANCA SIXTA","6"
"POPULAR","81","A - MOVIMIENTO SOLIDARIO POPULAR","SANTA FE","PARLAMENTARIO MERCOSUR DISTRITO REGIONAL TITULAR","ROGANI, MIGUEL ANGEL","1"
"POPULAR","81","A - MOVIMIENTO SOLIDARIO POPULAR","SANTA FE","PARLAMENTARIO MERCOSUR DISTRITO REGIONAL SUPLENTE","TORRES, ROXANA ALEJANDRA","1"
"POPULAR","81","A - MOVIMIENTO SOLIDARIO POPULAR","SANTA FE","PARLAMENTARIO MERCOSUR DISTRITO REGIONAL SUPLENTE","NETO, MONICA LILIANA","2"
"POPULAR","81","A - MOVIMIENTO SOLIDARIO POPULAR","SANTA FE","SENADOR NACIONAL TITULAR","SAPPA, VANESA LUCIANA","1"
"POPULAR","81","A - MOVIMIENTO SOLIDARIO POPULAR","SANTA FE","SENADOR NACIONAL TITULAR","SANCHEZ, ARIEL HERNAN","2"
"POPULAR","81","A - MOVIMIENTO SOLIDARIO POPULAR","SANTA FE","SENADOR NACIONAL SUPLENTE","MANSILLA, MARCELA ISABEL","1"
"POPULAR","81","A - MOVIMIENTO SOLIDARIO POPULAR","SANTA FE","SENADOR NACIONAL SUPLENTE","OLIVO, GUSTAVO ALBERTO","2"